Version,AUC,F1,Signal_Significance,Train_Time_sec
A,0.8219460856202386,0.7571761927521156,178.66831694323693,20.76
B,0.8115440087064121,0.23001745200698082,26.252928087277247,405.88
C,0.7736725404925451,0.018848167539267015,3.690886276957604,570.82
